{
  "project_info": {
    "project_number": "971069456346",
    "project_id": "mensameetdatabase-7de71",
    "storage_bucket": "mensameetdatabase-7de71.appspot.com"
  },
  "client": [
    {
      "client_info": {
        "mobilesdk_app_id": "1:971069456346:android:243ee8114d7490e9a28ae3",
        "android_client_info": {
          "package_name": "com.example.mensa_meet_app"
        }
      },
      "oauth_client": [],
      "api_key": [
        {
          "current_key": "AIzaSyAUDhUcUxMkmto6UlViM0oIHvQczJ6FbIQ"
        }
      ],
      "services": {
        "appinvite_service": {
          "other_platform_oauth_client": []
        }
      }
    }
  ],
  "configuration_version": "1"
}